{"accuracy": 0.956, "precision": 0.9826086956521739, "recall": 0.9262295081967213, "f1_score": 0.9535864978902953}